{ "constants" : { 
      "k"					: 1.380658e-16,
      "c"					: 29979245800,
      "me"					: 9.10938215e-28,
      "e"					: 4.80320427e-10,
      "R_Sun"				: 6.95508e10,
      "u"					: 1.6726e-24
    },
 "system parameters" : { 
      "R*/R_Sun"			: 1.174,
      "Rp/R_Sun"			: 0.11802,
      "temp"				: 1500,
      "g"					: 746.4488,
      "P_ref"				: 150000,
      "t_eq"				: 0.56,
      "mu"					: 2.35
    },
 "K" : { 
      "gamma_nu1"			: 38.7e6,
      "gamma_nu2"			: 38.2e6,
      "fd1"					: 1.3614,
      "fd2"					: 0.6776,
      "abund"				: 1.288e-7,
      "t_eq"				: 0.56,
      "K1"					: 7664.9e-8,
      "K2"					: 7699.0e-8
    },
 "plotting" : { 
      "x min"				: 7350,
      "x max"				: 8000,
      "y min"				: 0.113,
      "y max"				: 0.145,
      "pdf output"			: "K_profile.pdf"
    }
}